zone,timestamp
.,1790449362
0.4.1.0.0.2.ip6.arpa.,1790449362
0.4.2.ip6.arpa.,1790449362
0.a.2.ip6.arpa.,1790449362
1.4.1.0.0.2.ip6.arpa.,1790449362
1.4.2.ip6.arpa.,1790449362
1.a.2.ip6.arpa.,1790449362
1.in-addr.arpa.,1790449362
101.in-addr.arpa.,1790449362
103.in-addr.arpa.,1790449362
106.in-addr.arpa.,1790449362
109.in-addr.arpa.,1790449362
110.in-addr.arpa.,1790449362
111.in-addr.arpa.,1790449362
112.in-addr.arpa.,1790449362
113.in-addr.arpa.,1790449362
114.in-addr.arpa.,1790449362
115.in-addr.arpa.,1790449362
116.in-addr.arpa.,1790449362
117.in-addr.arpa.,1790449362
118.in-addr.arpa.,1790449362
119.in-addr.arpa.,1790449362
120.in-addr.arpa.,1790449362
121.in-addr.arpa.,1790449362
122.in-addr.arpa.,1790449362
123.in-addr.arpa.,1790449362
124.in-addr.arpa.,1790449362
125.in-addr.arpa.,1790449362
126.in-addr.arpa.,1790449362
14.in-addr.arpa.,1790449362
141.in-addr.arpa.,1790449362
145.in-addr.arpa.,1790449362
150.in-addr.arpa.,1790449362
151.in-addr.arpa.,1790449362
153.in-addr.arpa.,1790449362
163.in-addr.arpa.,1790449362
171.in-addr.arpa.,1790449362
175.in-addr.arpa.,1790449362
176.in-addr.arpa.,1790449362
178.in-addr.arpa.,1790449362
180.in-addr.arpa.,1790449362
182.in-addr.arpa.,1790449362
183.in-addr.arpa.,1790449362
185.in-addr.arpa.,1790449362
188.in-addr.arpa.,1790449362
193.in-addr.arpa.,1790449362
194.in-addr.arpa.,1790449362
195.in-addr.arpa.,1790449362
2.0.1.0.0.2.ip6.arpa.,1790449362
2.1.0.0.2.ip6.arpa.,1790449362
2.in-addr.arpa.,1790449362
202.in-addr.arpa.,1790449362
203.in-addr.arpa.,1790449362
210.in-addr.arpa.,1790449362
211.in-addr.arpa.,1790449362
212.in-addr.arpa.,1790449362
213.in-addr.arpa.,1790449362
217.in-addr.arpa.,1790449362
218.in-addr.arpa.,1790449362
219.in-addr.arpa.,1790449362
220.in-addr.arpa.,1790449362
221.in-addr.arpa.,1790449362
222.in-addr.arpa.,1790449362
223.in-addr.arpa.,1790449362
25.in-addr.arpa.,1790449362
27.in-addr.arpa.,1790449362
3.0.1.0.0.2.ip6.arpa.,1790449362
3.1.0.0.2.ip6.arpa.,1790449362
31.in-addr.arpa.,1790449362
36.in-addr.arpa.,1790449362
37.in-addr.arpa.,1790449362
39.in-addr.arpa.,1790449362
4.1.1.0.0.2.ip6.arpa.,1790449362
4.4.1.0.0.2.ip6.arpa.,1790449362
42.in-addr.arpa.,1790449362
43.in-addr.arpa.,1790449362
46.in-addr.arpa.,1790449362
49.in-addr.arpa.,1790449362
5.1.0.0.2.ip6.arpa.,1790449362
5.1.1.0.0.2.ip6.arpa.,1790449362
5.4.1.0.0.2.ip6.arpa.,1790449362
5.in-addr.arpa.,1790449362
51.in-addr.arpa.,1790449362
57.in-addr.arpa.,1790449362
58.in-addr.arpa.,1790449362
59.in-addr.arpa.,1790449362
6.0.1.0.0.2.ip6.arpa.,1790449362
6.1.1.0.0.2.ip6.arpa.,1790449362
60.in-addr.arpa.,1790449362
61.in-addr.arpa.,1790449362
62.in-addr.arpa.,1790449362
7.0.1.0.0.2.ip6.arpa.,1790449362
7.1.1.0.0.2.ip6.arpa.,1790449362
77.in-addr.arpa.,1790449362
78.in-addr.arpa.,1790449362
79.in-addr.arpa.,1790449362
8.0.1.0.0.2.ip6.arpa.,1790449362
80.in-addr.arpa.,1790449362
81.in-addr.arpa.,1790449362
82.in-addr.arpa.,1790449362
83.in-addr.arpa.,1790449362
84.in-addr.arpa.,1790449362
85.in-addr.arpa.,1790449362
86.in-addr.arpa.,1790449362
87.in-addr.arpa.,1790449362
88.in-addr.arpa.,1790449362
89.in-addr.arpa.,1790449362
9.0.1.0.0.2.ip6.arpa.,1790449362
9.1.0.0.2.ip6.arpa.,1790449362
90.in-addr.arpa.,1790449362
91.in-addr.arpa.,1790449362
92.in-addr.arpa.,1790449362
93.in-addr.arpa.,1790449362
94.in-addr.arpa.,1790449362
95.in-addr.arpa.,1790449362
a.0.1.0.0.2.ip6.arpa.,1790449362
a.1.0.0.2.ip6.arpa.,1790449362
a.1.1.0.0.2.ip6.arpa.,1790449362
a.4.1.0.0.2.ip6.arpa.,1790449362
arpa.,1790449362
b.0.1.0.0.2.ip6.arpa.,1790449362
b.1.0.0.2.ip6.arpa.,1790449362
b.1.1.0.0.2.ip6.arpa.,1790449362
b.4.1.0.0.2.ip6.arpa.,1790449362
bw.,1790449362
c.0.1.0.0.2.ip6.arpa.,1790449362
c.4.1.0.0.2.ip6.arpa.,1790449362
d.0.1.0.0.2.ip6.arpa.,1790449362
d.4.1.0.0.2.ip6.arpa.,1790449362
d.f.ip6.arpa.,1790449362
do.,1790449362
e.0.1.0.0.2.ip6.arpa.,1790449362
f.0.1.0.0.2.ip6.arpa.,1790449362
fj.,1790449362
gn.,1790449362
gp.,1790449362
in-addr.arpa.,1790449362
ip6.arpa.,1790449362
mp.,1790449362
mw.,1790449362
ps.,1790449362
xn--54b7fta0cc.,1790449362
xn--wgbh1c.,1790449362
xn--ygbi2ammx.,1790449362
